{"question":"Is buss behind the car ?","obj1":"buss","obj2":"car","relation":"behind","answer":null,"answer_str":"abstain","confidence":0,"evidence":[{"claim":"buss behind car","passed":false,"obj1_bbox":{"x1":0.3771717846393585,"y1":0.33223433792591095,"x2":0.9996444880962372,"y2":0.6541675180196762,"confidence":0.8859806060791016,"label":"bus"},"obj2_bbox":{"x1":0.5367591977119446,"y1":0.6257385164499283,"x2":0.8427359461784363,"y2":0.8183500617742538,"confidence":0.8263181447982788,"label":"car"},"obj1_depth":0.5137,"obj2_depth":0.7137,"dx":-0.0013,"dy":-0.2288,"dz":-0.2,"iou":0.0347,"rule_applied":"depth(obj1)-depth(obj2)=-0.200 > 0.02","failure_reason":"relation_false: depth(obj1)-depth(obj2)=-0.200 > 0.02"},{"claim":"buss behind car","passed":false,"obj1_bbox":{"x1":0.3770369493930765,"y1":0.3331223760835201,"x2":0.999968959746439,"y2":0.6542091489137971,"confidence":0.898634672164917,"label":"bus"},"obj2_bbox":{"x1":0.5366766225504911,"y1":0.6256189425695128,"x2":0.8423744141996203,"y2":0.8194788600407903,"confidence":0.790408730506897,"label":"car"},"obj1_depth":0.4706,"obj2_depth":0.8706,"dx":-0.001,"dy":-0.2289,"dz":-0.4,"iou":0.0349,"rule_applied":"depth(obj1)-depth(obj2)=-0.400 > 0.02","failure_reason":"relation_false: depth(obj1)-depth(obj2)=-0.400 > 0.02"},{"claim":"buss behind car","passed":false,"obj1_bbox":{"x1":0.37708637254387306,"y1":0.33347025471703773,"x2":0.9999551350371776,"y2":0.653831083908087,"confidence":0.8961397409439087,"label":"bus"},"obj2_bbox":{"x1":0.5366441503925901,"y1":0.6260329998194945,"x2":0.8424854932945043,"y2":0.8192508933817301,"confidence":0.7948219180107117,"label":"car"},"obj1_depth":0.4706,"obj2_depth":0.8627,"dx":-0.001,"dy":-0.229,"dz":-0.3922,"iou":0.034,"rule_applied":"depth(obj1)-depth(obj2)=-0.392 > 0.02","failure_reason":"relation_false: depth(obj1)-depth(obj2)=-0.392 > 0.02"}],"iterations":3,"crop_history":[{"x1":0.32717178463935853,"y1":0.28223433792591096,"x2":1,"y2":0.8683500617742539,"reason":"Disputed region around 'bus' and 'car'"},{"x1":0.32703694939307654,"y1":0.2831223760835201,"x2":1,"y2":0.8694788600407903,"reason":"Disputed region around 'bus' and 'car'"}],"failure_mode":"depth_noise","verified":false}