{"question":"Is the car in front of the buss ?","obj1":"bus","obj2":"car","relation":"in_front","answer":true,"answer_str":"yes","confidence":0.9,"evidence":[{"claim":"bus in front car","passed":true,"obj1_bbox":{"x1":0.37615543603897095,"y1":0.3315660059452057,"x2":0.9990360140800476,"y2":0.6534053385257721,"confidence":0.8555148243904114,"label":"bus"},"obj2_bbox":{"x1":0.534398540854454,"y1":0.6222581639885902,"x2":0.8442738205194473,"y2":0.81918516010046,"confidence":0.9107165336608887,"label":"white car"},"obj1_depth":0.5137,"obj2_depth":0.7137,"dx":-0.0017,"dy":-0.2282,"dz":-0.2,"iou":0.0383,"rule_applied":"depth(obj1)-depth(obj2)=-0.200 < -0.02","failure_reason":""},{"claim":"bus in front car","passed":true,"obj1_bbox":{"x1":0.3744944353506224,"y1":0.33147656516832164,"x2":0.9983968634099829,"y2":0.6519779004385948,"confidence":0.8949400782585144,"label":"orange bus"},"obj2_bbox":{"x1":0.5344200673797875,"y1":0.6220613622796531,"x2":0.8448621693658491,"y2":0.8200947160501675,"confidence":0.9205421805381775,"label":"white car"},"obj1_depth":0.4667,"obj2_depth":0.8627,"dx":-0.0032,"dy":-0.2294,"dz":-0.3961,"iou":0.0368,"rule_applied":"depth(obj1)-depth(obj2)=-0.396 < -0.02","failure_reason":""}],"iterations":2,"crop_history":[{"x1":0.32615543603897096,"y1":0.2815660059452057,"x2":1,"y2":0.8691851601004601,"reason":"Disputed region around 'bus' and 'white car'"}],"failure_mode":"","verified":true}